{
  "mean": [
    7.319933277731448,
    180.60183486238512,
    1011.511704197944,
    2.2229886016124527,
    415.6836752849605,
    73.37806505421193,
    17.695357242146187,
    33.45223519599662,
    0.30859605226577724,
    1.3332427022518778
  ],
  "std": [
    2.2476529620114336,
    103.27855040403357,
    5.000310172566305,
    1.5262157973702573,
    3.58407908058916,
    8.855787094511939,
    12.169938284554236,
    6.696910113465855,
    0.1589588449595216,
    0.6624548513779964
  ]
}