{
  "mean": [
    -1.282924384011292e-16,
    -1.1291249571135056e-14,
    -4.208439152719734e-17,
    3.4322853201571334e-16,
    1.49417515397469e-16,
    -1.0241807402167069e-16,
    -3.7539416020138107e-17,
    -7.556262714302085e-17,
    1.6526132314472383e-17
  ],
  "std": [
    0.9999999999999996,
    1.0000000000000016,
    0.9999999999999999,
    0.9999999999999997,
    1.0000000000000007,
    0.9999999999999977,
    1.0,
    0.999999999999999,
    0.9999999999999992
  ]
}